<?xml version="1.0" encoding="UTF-8"?>
<panorama id="node1" apprev="18080" appversion="6.1.13">
  <input levelingroll="0" width="1000" height="1000" levelbiashidpi="1.000" overlap="1" leveltileurl="tiles/node1/cf_%c/l_%l/c_%x/tile_%y.jpg" levelingpitch="0" leveltilesize="510" levelbias="0.400">
    <level width="1000" height="1000" predecode="0" preload="0"/>
    <level width="500" height="500" predecode="1" preload="1"/>
    <preview strip="1" color="0x808080"/>
  </input>
  <view pannorth="0" fovmode="0">
    <start tilt="0" pan="0" fov="70" projection="4"/>
    <flyin tilt="-90" pan="0" fov="170" projection="9"/>
    <min fovpixel="2" tilt="-90" pan="0"/>
    <max scaletofit="1" tilt="90" pan="360" fovstereographic="270" fov="120" fovfisheye="360"/>
  </view>
  <userdata nodeid="node1" longitude="" description="" author="" heading="0" datetime="" source="" info="" comment="" tags="Panoramas 360" latitude="" copyright="" title="" customnodeid=""/>
  <hotspots width="180" height="20" wordwrap="1">
    <label bordercolor="0x000000" width="180" height="20" borderalpha="1" wordwrap="1" background="1" enabled="1" border="1" backgroundcolor="0xffffff" textcolor="0x000000" backgroundalpha="1" borderradius="1" textalpha="1"/>
    <polystyle mode="0" bordercolor="0x0000ff" borderalpha="1" backgroundcolor="0x0000ff" backgroundalpha="0.25098" handcursor="1"/>
  </hotspots>
  <media/>
  <transition type="crossdissolve" zoomfov="20" zoomoutpause="1" softedge="0" zoomafteroutfov="20" zoomin="0" zoomafterinfov="90" enabled="1" zoomout="0" blendtime="1" zoomspeed="2" blendcolor="0x000000"/>
  <animation useinautorotation="0" syncanimationwithvideo="0" animsequence="Animation01"/>
  <control lockedwheel="0" lockedkeyboardzoom="0" invertcontrol="1" contextprojections="0" contextvr="1" rubberband="0" speedwheel="1" dblclickfullscreen="0" invertwheel="0" lockedmouse="0" hideabout="0" lockedkeyboard="0" sensitivity="8" simulatemass="1" contextfullscreen="1"/>
</panorama>
